feature,importance
calories,0.14058055788552382
sugar_PDV,0.11423941752221864
sodium_PDV,0.105091674089141
minutes,0.10363369834139914
protein_PDV,0.10113141264681225
saturated_fat_PDV,0.10032830846114713
total_fat_PDV,0.0908282889324246
n_steps,0.08687309765050757
carbohydrates_PDV,0.07875700976220039
n_ingredients,0.07853653470862555
